season,type,recipe_id,name,total_reviews,valid_reviews,median_reviews_type_season
Spring,plat,89204,crock pot chicken with black beans   cream cheese,349,333.0,90.5
Spring,plat,39087,creamy cajun chicken pasta,332,306.0,90.5
Spring,plat,22782,jo mama s world famous spaghetti,282,266.0,90.5
Spring,plat,27208,to die for crock pot roast,279,257.0,90.5
Spring,plat,54257,yes  virginia there is a great meatloaf,270,239.0,90.5
Spring,plat,69173,kittencal s italian melt in your mouth meatballs,243,233.0,90.5
Spring,plat,33919,creamy burrito casserole,228,209.0,90.5
Spring,plat,28148,oven fried chicken chimichangas,210,203.0,90.5
Spring,plat,68955,japanese mum s chicken,208,198.0,90.5
Spring,plat,99476,the best easy beef and broccoli stir fry,206,194.0,90.5
Spring,plat,82102,kittencal s moist cheddar garlic oven fried chicken breast,193,186.0,90.5
Spring,plat,107786,beth s melt in your mouth barbecue ribs  oven,191,161.0,90.5
Spring,plat,87782,greek potatoes  oven roasted and delicious,186,173.0,90.5
Spring,plat,63689,my family s favorite sloppy joes  pizza joes,180,172.0,90.5
Spring,plat,129926,simply sour cream chicken enchiladas,178,169.0,90.5
Spring,plat,135350,fannie farmer s classic baked macaroni   cheese,168,157.0,90.5
Spring,plat,33671,crock pot whole chicken,162,151.0,90.5
Spring,plat,141983,better than olive garden alfredo sauce,157,137.0,90.5
Spring,plat,60350,easy stove top macaroni   cheese,153,135.0,90.5
Spring,plat,95222,pork chops yum yum,148,146.0,90.5
Spring,plat,66121,p  f  chang s mongolian beef by todd wilbur,141,126.0,90.5
Spring,plat,8701,should be illegal oven bbq ribs,140,132.0,90.5
Spring,plat,53914,mama s supper club tilapia parmesan,132,126.0,90.5
Spring,plat,38298,olive garden copycat zuppa toscana,129,113.0,90.5
Spring,plat,37336,melt in your mouth chicken breasts,126,115.0,90.5
Spring,plat,28768,absolute best ever lasagna,123,113.0,90.5
Spring,plat,33489,top secret recipes version of kfc coleslaw by todd wilbur,121,112.0,90.5
Spring,plat,27210,best grilled pork chops,120,117.0,90.5
Spring,plat,10744,delicious chicken pot pie,114,109.0,90.5
Spring,plat,92095,authentic italian meatballs,114,102.0,90.5
Spring,plat,76930,funky chicken with sesame noodles,112,108.0,90.5
Spring,plat,46922,awesome baked ham,110,103.0,90.5
Spring,plat,63786,steak  or chicken  fajitas,110,106.0,90.5
Spring,plat,32844,pasta with sausage  tomatoes  and cream,108,104.0,90.5
Spring,plat,27520,poverty meal,107,94.0,90.5
Spring,plat,87075,the  blue mill tavern loosemeat sandwich,105,97.0,90.5
Spring,plat,63828,perfect pork tenderloin,104,95.0,90.5
Spring,plat,150863,panera s cream cheese potato soup,103,97.0,90.5
Spring,plat,33921,really good vegetarian meatloaf  really,102,96.0,90.5
Spring,plat,29598,amazing chicken marinade,101,97.0,90.5
Spring,plat,200296,kittencal s easy and delicious ranch parmesan chicken,101,98.0,90.5
Spring,plat,131018,pulled pork  crock pot,100,90.0,90.5
Spring,plat,150384,panera broccoli cheese soup,100,94.0,90.5
Spring,plat,70165,pizza dough for thin crust pizza,100,94.0,90.5
Spring,plat,78814,kittencal s chicken crescent roll casserole,99,96.0,90.5
Spring,plat,108522,grilled cheese  diner style,97,93.0,90.5
Spring,plat,47195,uncle bill s microwave potato chips,96,93.0,90.5
Spring,plat,103215,panda express orange chicken,96,89.0,90.5
Spring,plat,43023,creamy garlic penne pasta,92,88.0,90.5
Spring,plat,15242,cracker barrel s hashbrowns casserole   copycat,91,82.0,90.5
Spring,plat,13285,greek style turkey burgers,90,86.0,90.5
Spring,plat,26217,bev s spaghetti sauce,90,84.0,90.5
Spring,plat,15865,p  f  chang s chicken lettuce wraps by todd wilbur,89,84.0,90.5
Spring,plat,48635,basic pancake mix,87,78.0,90.5
Spring,plat,4627,chicken tortilla soup ii,83,78.0,90.5
Spring,plat,16531,crock pot garlic brown sugar chicken,83,80.0,90.5
Spring,plat,22176,classic baked ziti,80,78.0,90.5
Spring,plat,30081,ground beef gyros,78,73.0,90.5
Spring,plat,107997,4 minute spicy garlic shrimp,78,78.0,90.5
Spring,plat,87085,southwestern baked spaghetti,78,76.0,90.5
Spring,plat,20155,creamy potato salad,78,71.0,90.5
Spring,plat,9836,slow cooker cheesy chicken,77,74.0,90.5
Spring,plat,129345,chicken scaloppine with lemon glaze   low fat and delicious,77,74.0,90.5
Spring,plat,52488,mean guy s general tso s chicken,76,74.0,90.5
Spring,plat,221743,kittencal s best blasted rapid roast whole chicken,76,74.0,90.5
Spring,plat,155186,fantastic taco casserole,74,73.0,90.5
Spring,plat,8782,roast  sticky  chicken,74,70.0,90.5
Spring,plat,26257,so it s bekah s pulled pork now,74,72.0,90.5
Spring,plat,83561,oven fried garlic chicken,73,72.0,90.5
Spring,plat,34499,awesome baked pork chops,73,69.0,90.5
Spring,plat,77585,copycat olive garden minestrone soup by todd wilbur,73,65.0,90.5
Spring,plat,34382,mashed red potatoes with garlic and parmesan,72,70.0,90.5
Spring,plat,4957,crock pot chicken taco meat,72,70.0,90.5
Spring,plat,29884,easy enchiladas  beef or chicken,72,68.0,90.5
Spring,plat,1356,ground beef stuffed green bell peppers with cheese,71,59.0,90.5
Spring,plat,35805,easy peezy pizza dough  bread machine pizza dough,71,68.0,90.5
Spring,plat,43072,oatmeal cottage cheese pancakes,71,69.0,90.5
Spring,plat,42780,long john silver s fish batter,70,62.0,90.5
Spring,plat,145038,caramelized baked chicken legs wings,69,58.0,90.5
Spring,plat,79563,uncle bill s green split pea with hambone soup,67,62.0,90.5
Spring,plat,13982,honey ginger grilled salmon,66,63.0,90.5
Spring,plat,49387,oven fried eggplant  aubergine,66,62.0,90.5
Spring,plat,199579,best ever tuna noodle casserole,65,60.0,90.5
Spring,plat,37413,beef patties in onion gravy,65,62.0,90.5
Spring,plat,52892,olive garden garlic alfredo sauce,64,64.0,90.5
Spring,plat,128956,ww 0 point weight watchers cabbage soup,64,50.0,90.5
Spring,plat,48760,szechuan noodles with spicy beef sauce,64,63.0,90.5
Spring,plat,25625,now don t go  eeewww    before you try this,64,55.0,90.5
Spring,plat,73166,the best chili you will ever taste,63,58.0,90.5
Spring,plat,177558,oven roasted corn on the cob,63,61.0,90.5
Spring,plat,95569,easy and tasty barbecue chicken sandwiches in the crock pot,63,60.0,90.5
Spring,plat,17126,quick spanish rice,62,59.0,90.5
Spring,plat,64446,romano s macaroni grill rosemary bread,61,55.0,90.5
Spring,plat,76616,kittencal s taco seasoning mix,61,59.0,90.5
Spring,plat,108775,baklava salmon  salmon with honey  butter  walnuts  and mustard,61,61.0,90.5
Spring,plat,83524,frizzled cabbage,60,55.0,90.5
Spring,plat,99709,baked tilapia with lots of spice,59,58.0,90.5
Spring,plat,185342,weight watchers parmesan chicken cutlets,59,54.0,90.5
Spring,plat,40497,oven crisp chicken wings,59,52.0,90.5
Spring,plat,59635,chili s salsa,59,56.0,90.5
Summer,plat,27208,to die for crock pot roast,355,335.0,87.0
Summer,plat,89204,crock pot chicken with black beans   cream cheese,332,315.0,87.0
Summer,plat,39087,creamy cajun chicken pasta,298,281.0,87.0
Summer,plat,9272,wonderful salsa,296,274.0,87.0
Summer,plat,22782,jo mama s world famous spaghetti,256,235.0,87.0
Summer,plat,54257,yes  virginia there is a great meatloaf,254,232.0,87.0
Summer,plat,68955,japanese mum s chicken,211,195.0,87.0
Summer,plat,69173,kittencal s italian melt in your mouth meatballs,209,202.0,87.0
Summer,plat,107786,beth s melt in your mouth barbecue ribs  oven,201,170.0,87.0
Summer,plat,129926,simply sour cream chicken enchiladas,191,176.0,87.0
Summer,plat,63689,my family s favorite sloppy joes  pizza joes,188,181.0,87.0
Summer,plat,33919,creamy burrito casserole,180,174.0,87.0
Summer,plat,28148,oven fried chicken chimichangas,178,170.0,87.0
Summer,plat,82102,kittencal s moist cheddar garlic oven fried chicken breast,178,173.0,87.0
Summer,plat,99476,the best easy beef and broccoli stir fry,162,141.0,87.0
Summer,plat,60350,easy stove top macaroni   cheese,160,152.0,87.0
Summer,plat,33671,crock pot whole chicken,154,139.0,87.0
Summer,plat,135350,fannie farmer s classic baked macaroni   cheese,152,140.0,87.0
Summer,plat,27210,best grilled pork chops,152,143.0,87.0
Summer,plat,131018,pulled pork  crock pot,149,132.0,87.0
Summer,plat,66121,p  f  chang s mongolian beef by todd wilbur,141,132.0,87.0
Summer,plat,141983,better than olive garden alfredo sauce,137,119.0,87.0
Summer,plat,92095,authentic italian meatballs,130,118.0,87.0
Summer,plat,177558,oven roasted corn on the cob,126,120.0,87.0
Summer,plat,10744,delicious chicken pot pie,125,111.0,87.0
Summer,plat,28768,absolute best ever lasagna,123,114.0,87.0
Summer,plat,37336,melt in your mouth chicken breasts,121,113.0,87.0
Summer,plat,29598,amazing chicken marinade,121,116.0,87.0
Summer,plat,108364,southern fried chicken,119,105.0,87.0
Summer,plat,87782,greek potatoes  oven roasted and delicious,113,102.0,87.0
Summer,plat,53914,mama s supper club tilapia parmesan,112,105.0,87.0
Summer,plat,27520,poverty meal,112,103.0,87.0
Summer,plat,8701,should be illegal oven bbq ribs,112,104.0,87.0
Summer,plat,95222,pork chops yum yum,106,103.0,87.0
Summer,plat,20155,creamy potato salad,103,97.0,87.0
Summer,plat,98724,simple tomato sandwich,102,91.0,87.0
Summer,plat,1356,ground beef stuffed green bell peppers with cheese,100,92.0,87.0
Summer,plat,29544,crock pot chops that will make you eat til you pop,100,97.0,87.0
Summer,plat,32844,pasta with sausage  tomatoes  and cream,98,92.0,87.0
Summer,plat,200296,kittencal s easy and delicious ranch parmesan chicken,95,89.0,87.0
Summer,plat,49387,oven fried eggplant  aubergine,93,85.0,87.0
Summer,plat,8650,basil pesto,91,89.0,87.0
Summer,plat,31516,spanish chicken   rice bake,90,85.0,87.0
Summer,plat,95569,easy and tasty barbecue chicken sandwiches in the crock pot,90,85.0,87.0
Summer,plat,63828,perfect pork tenderloin,90,83.0,87.0
Summer,plat,43023,creamy garlic penne pasta,89,83.0,87.0
Summer,plat,38298,olive garden copycat zuppa toscana,88,77.0,87.0
Summer,plat,15865,p  f  chang s chicken lettuce wraps by todd wilbur,87,82.0,87.0
Summer,plat,70165,pizza dough for thin crust pizza,87,82.0,87.0
Summer,plat,87085,southwestern baked spaghetti,87,85.0,87.0
Summer,plat,11217,zucchini salsa  canned,87,74.0,87.0
Summer,plat,33489,top secret recipes version of kfc coleslaw by todd wilbur,87,75.0,87.0
Summer,plat,78814,kittencal s chicken crescent roll casserole,85,81.0,87.0
Summer,plat,749,zucchini lasagna  lasagne    low carb,84,77.0,87.0
Summer,plat,26217,bev s spaghetti sauce,82,75.0,87.0
Summer,plat,107997,4 minute spicy garlic shrimp,81,76.0,87.0
Summer,plat,55768,baja black beans  corn and rice,81,76.0,87.0
Summer,plat,145038,caramelized baked chicken legs wings,81,66.0,87.0
Summer,plat,26257,so it s bekah s pulled pork now,81,78.0,87.0
Summer,plat,9836,slow cooker cheesy chicken,80,77.0,87.0
Summer,plat,76930,funky chicken with sesame noodles,79,76.0,87.0
Summer,plat,8782,roast  sticky  chicken,79,78.0,87.0
Summer,plat,31371,bev s sauteed yellow squash,79,76.0,87.0
Summer,plat,21882,chicken pesto,78,76.0,87.0
Summer,plat,47195,uncle bill s microwave potato chips,76,72.0,87.0
Summer,plat,44232,tomato and basil bruschetta,76,74.0,87.0
Summer,plat,33921,really good vegetarian meatloaf  really,75,68.0,87.0
Summer,plat,53508,charlie s famous chicken salad with grapes,75,70.0,87.0
Summer,plat,15242,cracker barrel s hashbrowns casserole   copycat,75,65.0,87.0
Summer,plat,103215,panda express orange chicken,74,64.0,87.0
Summer,plat,34382,mashed red potatoes with garlic and parmesan,74,72.0,87.0
Summer,plat,75302,mrs  geraldine s ground beef casserole,73,71.0,87.0
Summer,plat,63786,steak  or chicken  fajitas,73,71.0,87.0
Summer,plat,48760,szechuan noodles with spicy beef sauce,72,72.0,87.0
Summer,plat,33170,simple caribbean jerk chicken,72,69.0,87.0
Summer,plat,22176,classic baked ziti,70,66.0,87.0
Summer,plat,16531,crock pot garlic brown sugar chicken,70,67.0,87.0
Summer,plat,42169,jumbo shrimp parmesan,69,67.0,87.0
Summer,plat,43072,oatmeal cottage cheese pancakes,68,64.0,87.0
Summer,plat,48635,basic pancake mix,68,64.0,87.0
Summer,plat,128956,ww 0 point weight watchers cabbage soup,67,60.0,87.0
Summer,plat,99156,thai grilled chicken thighs,67,64.0,87.0
Summer,plat,4957,crock pot chicken taco meat,66,62.0,87.0
Summer,plat,105670,bacon wrapped jalapeno poppers,66,58.0,87.0
Summer,plat,155186,fantastic taco casserole,66,63.0,87.0
Summer,plat,108775,baklava salmon  salmon with honey  butter  walnuts  and mustard,65,63.0,87.0
Summer,plat,13285,greek style turkey burgers,65,63.0,87.0
Summer,plat,13982,honey ginger grilled salmon,64,62.0,87.0
Summer,plat,244592,kittencal s italian zucchini mozzarella patties,64,61.0,87.0
Summer,plat,150384,panera broccoli cheese soup,64,62.0,87.0
Summer,plat,32503,hawaiian chicken kabobs,64,63.0,87.0
Summer,plat,30081,ground beef gyros,64,63.0,87.0
Summer,plat,4627,chicken tortilla soup ii,63,58.0,87.0
Summer,plat,35805,easy peezy pizza dough  bread machine pizza dough,63,60.0,87.0
Summer,plat,40497,oven crisp chicken wings,63,56.0,87.0
Summer,plat,150863,panera s cream cheese potato soup,61,54.0,87.0
Summer,plat,97428,zesty salsa for canning,60,51.0,87.0
Summer,plat,19724,adam s ribs,60,49.0,87.0
Summer,plat,241139,blue ribbon dill pickles,60,44.0,87.0
Summer,plat,56694,the very best salisbury steak,60,47.0,87.0
Fall,plat,27208,to die for crock pot roast,486,458.0,101.0
Fall,plat,89204,crock pot chicken with black beans   cream cheese,408,378.0,101.0
Fall,plat,54257,yes  virginia there is a great meatloaf,383,356.0,101.0
Fall,plat,39087,creamy cajun chicken pasta,317,304.0,101.0
Fall,plat,22782,jo mama s world famous spaghetti,260,243.0,101.0
Fall,plat,150863,panera s cream cheese potato soup,259,243.0,101.0
Fall,plat,10744,delicious chicken pot pie,248,236.0,101.0
Fall,plat,69173,kittencal s italian melt in your mouth meatballs,232,225.0,101.0
Fall,plat,82102,kittencal s moist cheddar garlic oven fried chicken breast,227,217.0,101.0
Fall,plat,33919,creamy burrito casserole,221,214.0,101.0
Fall,plat,4627,chicken tortilla soup ii,218,206.0,101.0
Fall,plat,135350,fannie farmer s classic baked macaroni   cheese,208,184.0,101.0
Fall,plat,73166,the best chili you will ever taste,201,175.0,101.0
Fall,plat,38298,olive garden copycat zuppa toscana,194,176.0,101.0
Fall,plat,33671,crock pot whole chicken,192,180.0,101.0
Fall,plat,25730,pumpkin pie dip,191,184.0,101.0
Fall,plat,68955,japanese mum s chicken,185,174.0,101.0
Fall,plat,28148,oven fried chicken chimichangas,179,173.0,101.0
Fall,plat,129926,simply sour cream chicken enchiladas,177,163.0,101.0
Fall,plat,486261,mexican stack up  rsc,175,175.0,101.0
Fall,plat,95222,pork chops yum yum,173,167.0,101.0
Fall,plat,339453,perfect turkey in an electric roaster oven,173,129.0,101.0
Fall,plat,99476,the best easy beef and broccoli stir fry,170,155.0,101.0
Fall,plat,63689,my family s favorite sloppy joes  pizza joes,167,164.0,101.0
Fall,plat,27520,poverty meal,165,150.0,101.0
Fall,plat,28768,absolute best ever lasagna,162,154.0,101.0
Fall,plat,37336,melt in your mouth chicken breasts,156,150.0,101.0
Fall,plat,106627,caramelized butternut squash,152,142.0,101.0
Fall,plat,150384,panera broccoli cheese soup,150,130.0,101.0
Fall,plat,486496,bacon lattice tomato muffins  rsc,149,141.0,101.0
Fall,plat,131018,pulled pork  crock pot,142,135.0,101.0
Fall,plat,145064,kittencal s easy no fail make anytime turkey gravy,135,129.0,101.0
Fall,plat,78814,kittencal s chicken crescent roll casserole,132,123.0,101.0
Fall,plat,34382,mashed red potatoes with garlic and parmesan,129,126.0,101.0
Fall,plat,9272,wonderful salsa,127,121.0,101.0
Fall,plat,50144,crock pot potato chowder,122,120.0,101.0
Fall,plat,3470,crock pot chicken  gravy and stuffing,116,113.0,101.0
Fall,plat,107786,beth s melt in your mouth barbecue ribs  oven,115,100.0,101.0
Fall,plat,92095,authentic italian meatballs,112,102.0,101.0
Fall,plat,46262,uncle bill s method for cooking turkey,111,106.0,101.0
Fall,plat,15242,cracker barrel s hashbrowns casserole   copycat,109,96.0,101.0
Fall,plat,102073,opal s pumpkin pie,108,102.0,101.0
Fall,plat,87782,greek potatoes  oven roasted and delicious,108,103.0,101.0
Fall,plat,200296,kittencal s easy and delicious ranch parmesan chicken,106,104.0,101.0
Fall,plat,33921,really good vegetarian meatloaf  really,106,102.0,101.0
Fall,plat,32844,pasta with sausage  tomatoes  and cream,105,100.0,101.0
Fall,plat,80536,mahogany beef stew,104,102.0,101.0
Fall,plat,76930,funky chicken with sesame noodles,103,103.0,101.0
Fall,plat,53914,mama s supper club tilapia parmesan,102,97.0,101.0
Fall,plat,31717,olive garden pasta e fagioli soup in a crock pot  copycat,101,97.0,101.0
Fall,plat,60350,easy stove top macaroni   cheese,101,96.0,101.0
Fall,plat,9954,good eats roast turkey,99,94.0,101.0
Fall,plat,79944,bacon wrapped chicken  oamc,96,93.0,101.0
Fall,plat,77585,copycat olive garden minestrone soup by todd wilbur,96,92.0,101.0
Fall,plat,63828,perfect pork tenderloin,95,86.0,101.0
Fall,plat,66121,p  f  chang s mongolian beef by todd wilbur,95,92.0,101.0
Fall,plat,56103,roasted brussels sprouts,95,91.0,101.0
Fall,plat,48760,szechuan noodles with spicy beef sauce,94,92.0,101.0
Fall,plat,9836,slow cooker cheesy chicken,94,92.0,101.0
Fall,plat,95569,easy and tasty barbecue chicken sandwiches in the crock pot,91,88.0,101.0
Fall,plat,102274,tsr version of t g i  friday s black bean soup by todd wilbur,89,87.0,101.0
Fall,plat,41541,really really good candied sweet potatoes,88,83.0,101.0
Fall,plat,17987,quick butternut squash soup,88,84.0,101.0
Fall,plat,8701,should be illegal oven bbq ribs,86,82.0,101.0
Fall,plat,52253,big thicket chicken and dumplings,86,84.0,101.0
Fall,plat,43023,creamy garlic penne pasta,85,84.0,101.0
Fall,plat,108364,southern fried chicken,84,81.0,101.0
Fall,plat,21761,brussels sprouts in garlic butter,84,77.0,101.0
Fall,plat,141983,better than olive garden alfredo sauce,82,69.0,101.0
Fall,plat,46922,awesome baked ham,82,72.0,101.0
Fall,plat,37413,beef patties in onion gravy,81,80.0,101.0
Fall,plat,53878,amazing white trash puff balls,81,79.0,101.0
Fall,plat,8782,roast  sticky  chicken,80,78.0,101.0
Fall,plat,22176,classic baked ziti,80,78.0,101.0
Fall,plat,45069,debbie s crock pot chili,79,75.0,101.0
Fall,plat,43850,pumpkin seeds,78,78.0,101.0
Fall,plat,26217,bev s spaghetti sauce,76,70.0,101.0
Fall,plat,70165,pizza dough for thin crust pizza,76,72.0,101.0
Fall,plat,28943,most incredible no fail pie crust,75,71.0,101.0
Fall,plat,52272,thick and creamy new england clam chowder,75,69.0,101.0
Fall,plat,96988,turn your crock pot into a smokehouse chicken  smoked chicken,74,72.0,101.0
Fall,plat,34499,awesome baked pork chops,74,72.0,101.0
Fall,plat,221743,kittencal s best blasted rapid roast whole chicken,74,69.0,101.0
Fall,plat,35988,tortellini tomato spinach soup,74,70.0,101.0
Fall,plat,36984,the best browned beef stew ever,73,67.0,101.0
Fall,plat,145038,caramelized baked chicken legs wings,73,66.0,101.0
Fall,plat,32147,slow cooker beef short ribs,72,63.0,101.0
Fall,plat,52488,mean guy s general tso s chicken,72,70.0,101.0
Fall,plat,77861,roast turkey,72,68.0,101.0
Fall,plat,42071,best cream of broccoli soup,72,68.0,101.0
Fall,plat,104086,the best chicken tortilla soup,72,71.0,101.0
Fall,plat,30366,bev s macaroni and cheese,70,70.0,101.0
Fall,plat,128956,ww 0 point weight watchers cabbage soup,70,63.0,101.0
Fall,plat,45940,slow cook down home pork chops and gravy,70,65.0,101.0
Fall,plat,111777,chicken pot pie with 2 crusts,70,66.0,101.0
Fall,plat,75302,mrs  geraldine s ground beef casserole,70,69.0,101.0
Fall,plat,155186,fantastic taco casserole,69,64.0,101.0
Fall,plat,78579,pan release  professional pan coating  better than pam spray,69,65.0,101.0
Fall,plat,68159,roasted garlic mashed potatoes   the best you ve ever had,69,64.0,101.0
Fall,plat,16531,crock pot garlic brown sugar chicken,68,68.0,101.0
Winter,plat,39087,creamy cajun chicken pasta,501,468.0,114.0
Winter,plat,89204,crock pot chicken with black beans   cream cheese,490,462.0,114.0
Winter,plat,27208,to die for crock pot roast,481,446.0,114.0
Winter,plat,22782,jo mama s world famous spaghetti,436,410.0,114.0
Winter,plat,54257,yes  virginia there is a great meatloaf,398,355.0,114.0
Winter,plat,69173,kittencal s italian melt in your mouth meatballs,313,299.0,114.0
Winter,plat,68955,japanese mum s chicken,300,290.0,114.0
Winter,plat,150863,panera s cream cheese potato soup,291,277.0,114.0
Winter,plat,73166,the best chili you will ever taste,258,236.0,114.0
Winter,plat,135350,fannie farmer s classic baked macaroni   cheese,258,232.0,114.0
Winter,plat,82102,kittencal s moist cheddar garlic oven fried chicken breast,257,251.0,114.0
Winter,plat,33919,creamy burrito casserole,248,230.0,114.0
Winter,plat,10744,delicious chicken pot pie,244,218.0,114.0
Winter,plat,28148,oven fried chicken chimichangas,235,233.0,114.0
Winter,plat,38298,olive garden copycat zuppa toscana,233,206.0,114.0
Winter,plat,4627,chicken tortilla soup ii,227,211.0,114.0
Winter,plat,99476,the best easy beef and broccoli stir fry,224,212.0,114.0
Winter,plat,95222,pork chops yum yum,220,213.0,114.0
Winter,plat,131018,pulled pork  crock pot,219,203.0,114.0
Winter,plat,33671,crock pot whole chicken,219,208.0,114.0
Winter,plat,150384,panera broccoli cheese soup,203,178.0,114.0
Winter,plat,66121,p  f  chang s mongolian beef by todd wilbur,188,176.0,114.0
Winter,plat,141983,better than olive garden alfredo sauce,186,156.0,114.0
Winter,plat,63689,my family s favorite sloppy joes  pizza joes,185,176.0,114.0
Winter,plat,87782,greek potatoes  oven roasted and delicious,185,171.0,114.0
Winter,plat,129926,simply sour cream chicken enchiladas,184,169.0,114.0
Winter,plat,76930,funky chicken with sesame noodles,179,170.0,114.0
Winter,plat,107786,beth s melt in your mouth barbecue ribs  oven,178,156.0,114.0
Winter,plat,78814,kittencal s chicken crescent roll casserole,170,165.0,114.0
Winter,plat,77585,copycat olive garden minestrone soup by todd wilbur,166,148.0,114.0
Winter,plat,37336,melt in your mouth chicken breasts,158,147.0,114.0
Winter,plat,15242,cracker barrel s hashbrowns casserole   copycat,156,146.0,114.0
Winter,plat,15865,p  f  chang s chicken lettuce wraps by todd wilbur,152,137.0,114.0
Winter,plat,28768,absolute best ever lasagna,152,137.0,114.0
Winter,plat,128956,ww 0 point weight watchers cabbage soup,143,132.0,114.0
Winter,plat,70165,pizza dough for thin crust pizza,137,134.0,114.0
Winter,plat,53878,amazing white trash puff balls,134,130.0,114.0
Winter,plat,92095,authentic italian meatballs,133,123.0,114.0
Winter,plat,27520,poverty meal,132,121.0,114.0
Winter,plat,53914,mama s supper club tilapia parmesan,126,121.0,114.0
Winter,plat,46922,awesome baked ham,123,115.0,114.0
Winter,plat,8701,should be illegal oven bbq ribs,123,121.0,114.0
Winter,plat,200296,kittencal s easy and delicious ranch parmesan chicken,122,118.0,114.0
Winter,plat,63828,perfect pork tenderloin,122,112.0,114.0
Winter,plat,35988,tortellini tomato spinach soup,119,115.0,114.0
Winter,plat,31717,olive garden pasta e fagioli soup in a crock pot  copycat,119,112.0,114.0
Winter,plat,32844,pasta with sausage  tomatoes  and cream,117,113.0,114.0
Winter,plat,9836,slow cooker cheesy chicken,117,115.0,114.0
Winter,plat,56103,roasted brussels sprouts,115,110.0,114.0
Winter,plat,60350,easy stove top macaroni   cheese,114,101.0,114.0
Winter,plat,103215,panda express orange chicken,114,110.0,114.0
Winter,plat,221743,kittencal s best blasted rapid roast whole chicken,113,107.0,114.0
Winter,plat,33921,really good vegetarian meatloaf  really,113,108.0,114.0
Winter,plat,83524,frizzled cabbage,113,110.0,114.0
Winter,plat,63786,steak  or chicken  fajitas,110,104.0,114.0
Winter,plat,107997,4 minute spicy garlic shrimp,109,104.0,114.0
Winter,plat,15846,n  y  c  corned beef and cabbage,105,82.0,114.0
Winter,plat,79563,uncle bill s green split pea with hambone soup,103,91.0,114.0
Winter,plat,3470,crock pot chicken  gravy and stuffing,103,97.0,114.0
Winter,plat,16531,crock pot garlic brown sugar chicken,103,94.0,114.0
Winter,plat,34382,mashed red potatoes with garlic and parmesan,103,100.0,114.0
Winter,plat,82023,kittencal s perfect prime rib roast beef,101,95.0,114.0
Winter,plat,50144,crock pot potato chowder,101,97.0,114.0
Winter,plat,33489,top secret recipes version of kfc coleslaw by todd wilbur,100,96.0,114.0
Winter,plat,64446,romano s macaroni grill rosemary bread,100,96.0,114.0
Winter,plat,302120,traditional irish shepherd s pie,99,85.0,114.0
Winter,plat,104086,the best chicken tortilla soup,99,96.0,114.0
Winter,plat,108231,amazing chicken tortilla soup,99,87.0,114.0
Winter,plat,44888,caramelized chicken wings,98,91.0,114.0
Winter,plat,52488,mean guy s general tso s chicken,98,95.0,114.0
Winter,plat,26217,bev s spaghetti sauce,96,89.0,114.0
Winter,plat,52253,big thicket chicken and dumplings,94,90.0,114.0
Winter,plat,80536,mahogany beef stew,94,93.0,114.0
Winter,plat,40497,oven crisp chicken wings,93,82.0,114.0
Winter,plat,4957,crock pot chicken taco meat,91,88.0,114.0
Winter,plat,8782,roast  sticky  chicken,90,84.0,114.0
Winter,plat,108522,grilled cheese  diner style,89,86.0,114.0
Winter,plat,262140,cheesy ham and potato soup,89,81.0,114.0
Winter,plat,70522,corned beef in beer  crock pot,89,74.0,114.0
Winter,plat,35805,easy peezy pizza dough  bread machine pizza dough,88,82.0,114.0
Winter,plat,47195,uncle bill s microwave potato chips,88,83.0,114.0
Winter,plat,49200,easy baked potato wedges,88,86.0,114.0
Winter,plat,86868,corned beef and cabbage in guinness,88,79.0,114.0
Winter,plat,21761,brussels sprouts in garlic butter,87,85.0,114.0
Winter,plat,22176,classic baked ziti,86,80.0,114.0
Winter,plat,34499,awesome baked pork chops,86,82.0,114.0
Winter,plat,34881,black bean and tortilla bake,86,82.0,114.0
Winter,plat,95569,easy and tasty barbecue chicken sandwiches in the crock pot,86,82.0,114.0
Winter,plat,185342,weight watchers parmesan chicken cutlets,86,76.0,114.0
Winter,plat,48635,basic pancake mix,86,80.0,114.0
Winter,plat,48760,szechuan noodles with spicy beef sauce,85,82.0,114.0
Winter,plat,102274,tsr version of t g i  friday s black bean soup by todd wilbur,84,83.0,114.0
Winter,plat,145038,caramelized baked chicken legs wings,84,79.0,114.0
Winter,plat,108775,baklava salmon  salmon with honey  butter  walnuts  and mustard,84,83.0,114.0
Winter,plat,43023,creamy garlic penne pasta,83,79.0,114.0
Winter,plat,129345,chicken scaloppine with lemon glaze   low fat and delicious,83,80.0,114.0
Winter,plat,155021,unbelievable baked buffalo wings,83,75.0,114.0
Winter,plat,52272,thick and creamy new england clam chowder,82,79.0,114.0
Winter,plat,57130,awesome slow cooker pot roast,82,79.0,114.0
Winter,plat,45940,slow cook down home pork chops and gravy,81,79.0,114.0
Spring,dessert,2886,best banana bread,376,328.0,61.5
Spring,dessert,67256,best ever banana cake with cream cheese frosting,366,333.0,61.5
Spring,dessert,32204,whatever floats your boat  brownies,282,263.0,61.5
Spring,dessert,26110,southern buttermilk biscuits,201,177.0,61.5
Spring,dessert,25885,banana banana bread,199,191.0,61.5
Spring,dessert,5170,pete s scratch pancakes,181,169.0,61.5
Spring,dessert,77397,kittencal s 5 minute cinnamon flop brunch cake,164,161.0,61.5
Spring,dessert,73825,why i joined zaar carrot cake,151,145.0,61.5
Spring,dessert,43509,crumb topped banana muffins,144,139.0,61.5
Spring,dessert,97496,soft snickerdoodle cookies,134,118.0,61.5
Spring,dessert,2496,dark chocolate cake,132,124.0,61.5
Spring,dessert,76864,tsr 1993 version of cinnabon cinnamon rolls by todd wilbur,128,114.0,61.5
Spring,dessert,89207,kittencal s chocolate frosting icing,126,121.0,61.5
Spring,dessert,132263,5 minute vegan pancakes,118,100.0,61.5
Spring,dessert,29679,reeses squares   5 ingredients   no bake  reese s,115,112.0,61.5
Spring,dessert,121490,strawberries   cream bread  strawberry or blueberry,111,106.0,61.5
Spring,dessert,349246,microwave chocolate mug brownie,110,98.0,61.5
Spring,dessert,26370,the only chocolate cake recipe you ll ever need   devil s food,107,101.0,61.5
Spring,dessert,31750,the best ever waffles,107,93.0,61.5
Spring,dessert,90674,denny s style french toast,107,101.0,61.5
Spring,dessert,69630,white almond sour cream wedding cake,106,97.0,61.5
Spring,dessert,24672,the ultimate strawberry shortcake,105,99.0,61.5
Spring,dessert,50719,the sweetest blueberry muffins,101,93.0,61.5
Spring,dessert,32614,fudge crinkles  a great 4 ingredient cake mix cookie,100,96.0,61.5
Spring,dessert,66596,kittencal s famous greek salad,99,94.0,61.5
Spring,dessert,205890,soft peanut butter cookies,99,82.0,61.5
Spring,dessert,71373,country white bread or dinner rolls  bread machine,95,84.0,61.5
Spring,dessert,27144,chocolate  chocolate  chocolate  bundt cake with chocolate glaze,93,89.0,61.5
Spring,dessert,133751,restaurant teriyaki sauce,92,82.0,61.5
Spring,dessert,35393,berry smash muffins  strawberry muffins,92,86.0,61.5
Spring,dessert,114392,ultimate pizza sauce,92,83.0,61.5
Spring,dessert,178370,simple vanilla cupcakes,84,73.0,61.5
Spring,dessert,8739,wholly guacamole,83,82.0,61.5
Spring,dessert,54351,best oatmeal cookies,81,74.0,61.5
Spring,dessert,222188,vanilla  buttercream frosting  from sprinkles cupcakes,80,77.0,61.5
Spring,dessert,80413,homemade hamburger buns  bread machine,80,76.0,61.5
Spring,dessert,66575,fruit salad with pudding,80,77.0,61.5
Spring,dessert,63071,the best belgian waffles,79,68.0,61.5
Spring,dessert,67733,strawberry coffee cake,77,74.0,61.5
Spring,dessert,515167,simply irresistible tropical potato salad  sp5,74,73.0,61.5
Spring,dessert,19424,banana chocolate chip muffins,71,68.0,61.5
Spring,dessert,106251,roasted cauliflower   16 roasted cloves of garlic,70,65.0,61.5
Spring,dessert,80470,bakery style chewy chocolate chip cookies,68,64.0,61.5
Spring,dessert,15072,perfect chocolate brownies,68,66.0,61.5
Spring,dessert,102617,kittencal s famous coleslaw,68,64.0,61.5
Spring,dessert,15411,impossible peanut butter cookies,67,61.0,61.5
Spring,dessert,87925,kittencal s extreme chocolate brownies,65,64.0,61.5
Spring,dessert,12591,angel food cake   homemade,65,58.0,61.5
Spring,dessert,105594,mom s chocolate cupcakes,63,60.0,61.5
Spring,dessert,110506,the best apple pie muffins ever,62,56.0,61.5
Spring,dessert,66241,buttermilk pancakes,61,57.0,61.5
Spring,dessert,41156,strawberry shortcake a la treebeard s,61,61.0,61.5
Spring,dessert,65340,buttery bread machine rolls,59,55.0,61.5
Spring,dessert,42094,texas red enchilada sauce,59,55.0,61.5
Spring,dessert,100727,thick  soft  and chewy chocolate chip cookies,59,55.0,61.5
Spring,dessert,93946,rhubarb crisp,58,52.0,61.5
Spring,dessert,59336,tzatziki,58,56.0,61.5
Spring,dessert,82486,very moist banana nut bread,58,55.0,61.5
Spring,dessert,66703,big grandma s best peanut butter cookies,57,54.0,61.5
Spring,dessert,26849,world s best chocolate chip cookies,57,54.0,61.5
Spring,dessert,14569,strawberry strawberry pie from the really good food cook book,57,54.0,61.5
Spring,dessert,116849,kittencal s famous caesar salad,57,56.0,61.5
Spring,dessert,183081,40 minute hamburger buns,54,50.0,61.5
Spring,dessert,38966,quick yellow cake,54,52.0,61.5
Spring,dessert,89751,kittencal s easy one bowl vanilla cupcakes,54,50.0,61.5
Spring,dessert,216350,linda s cheesecake stuffed strawberries,53,52.0,61.5
Spring,dessert,19678,lee lee s famous chocolate sauce for ice cream,52,48.0,61.5
Spring,dessert,69407,chocolate chocolate chip sour cream banana bread,52,50.0,61.5
Spring,dessert,8603,easy banana muffins,51,41.0,61.5
Spring,dessert,112683,white chocolate chip cranberry oatmeal cookies,50,46.0,61.5
Spring,dessert,139518,magnolia bakery s vanilla birthday cake and frosting,50,48.0,61.5
Spring,dessert,53301,chewy double chocolate chip cookies,49,44.0,61.5
Spring,dessert,10125,soft batch chocolate chip cookies,49,48.0,61.5
Spring,dessert,25723,tiny cinnamon rolls,49,48.0,61.5
Spring,dessert,29935,1 pan fudge cake,49,48.0,61.5
Spring,dessert,14979,old fashioned banana cream pie,48,46.0,61.5
Spring,dessert,38953,our favourite lemon loaf,48,45.0,61.5
Spring,dessert,36970,fresh strawberry cake,48,44.0,61.5
Spring,dessert,11763,easy lemon pound cake,48,46.0,61.5
Spring,dessert,48532,peanut butter chocolate chunk cookies,47,47.0,61.5
Spring,dessert,486641,moist   delicious banana nut bread,47,38.0,61.5
Spring,dessert,132546,kittencal s chinese chicken balls with sweet and sour sauce,47,46.0,61.5
Spring,dessert,82925,edna s apple crumble  aka  apple crisp,47,46.0,61.5
Spring,dessert,87864,super peanut butter filled brownies,47,47.0,61.5
Spring,dessert,35889,tasty buns,47,47.0,61.5
Spring,dessert,100526,sweet  creamy coleslaw,47,47.0,61.5
Spring,dessert,11345,grandma s soft sugar cookies,46,39.0,61.5
Spring,dessert,24088,strawberry julius,45,44.0,61.5
Spring,dessert,52104,excellent carrot cake,44,43.0,61.5
Spring,dessert,125633,cream cheese cinnamon crescents,44,42.0,61.5
Spring,dessert,261889,kittencal s buttery cut out sugar cookies w  icing that hardens,44,44.0,61.5
Spring,dessert,110683,basic batter waffles,44,43.0,61.5
Spring,dessert,96475,hot dog hamburger buns rolls cinnamon buns dough cycle a b m,43,40.0,61.5
Spring,dessert,29413,chocolate covered strawberries,43,42.0,61.5
Spring,dessert,76491,thick chocolate pudding,43,42.0,61.5
Spring,dessert,30946,granny s banana cream pie,43,42.0,61.5
Spring,dessert,31128,yummy crunchy apple pie,43,42.0,61.5
Spring,dessert,80118,kittencal s bakery buttercream  frosting icing,43,43.0,61.5
Spring,dessert,8972,waldorf astoria red velvet cake,43,38.0,61.5
Spring,dessert,57679,sandra s key lime pie,43,40.0,61.5
Summer,dessert,2886,best banana bread,435,385.0,60.5
Summer,dessert,67256,best ever banana cake with cream cheese frosting,338,303.0,60.5
Summer,dessert,32204,whatever floats your boat  brownies,275,263.0,60.5
Summer,dessert,50719,the sweetest blueberry muffins,235,220.0,60.5
Summer,dessert,25885,banana banana bread,194,186.0,60.5
Summer,dessert,29679,reeses squares   5 ingredients   no bake  reese s,193,188.0,60.5
Summer,dessert,26110,southern buttermilk biscuits,170,153.0,60.5
Summer,dessert,5170,pete s scratch pancakes,158,151.0,60.5
Summer,dessert,77397,kittencal s 5 minute cinnamon flop brunch cake,151,150.0,60.5
Summer,dessert,43509,crumb topped banana muffins,148,142.0,60.5
Summer,dessert,2496,dark chocolate cake,127,119.0,60.5
Summer,dessert,97496,soft snickerdoodle cookies,124,109.0,60.5
Summer,dessert,89207,kittencal s chocolate frosting icing,123,113.0,60.5
Summer,dessert,132263,5 minute vegan pancakes,120,104.0,60.5
Summer,dessert,66596,kittencal s famous greek salad,115,110.0,60.5
Summer,dessert,31750,the best ever waffles,112,103.0,60.5
Summer,dessert,90674,denny s style french toast,108,102.0,60.5
Summer,dessert,73825,why i joined zaar carrot cake,107,104.0,60.5
Summer,dessert,71109,fresh blueberry cobbler,101,92.0,60.5
Summer,dessert,32614,fudge crinkles  a great 4 ingredient cake mix cookie,97,96.0,60.5
Summer,dessert,114392,ultimate pizza sauce,93,88.0,60.5
Summer,dessert,69630,white almond sour cream wedding cake,92,83.0,60.5
Summer,dessert,121490,strawberries   cream bread  strawberry or blueberry,90,88.0,60.5
Summer,dessert,26370,the only chocolate cake recipe you ll ever need   devil s food,89,82.0,60.5
Summer,dessert,76864,tsr 1993 version of cinnabon cinnamon rolls by todd wilbur,89,78.0,60.5
Summer,dessert,63071,the best belgian waffles,89,78.0,60.5
Summer,dessert,15072,perfect chocolate brownies,86,79.0,60.5
Summer,dessert,24672,the ultimate strawberry shortcake,85,83.0,60.5
Summer,dessert,15411,impossible peanut butter cookies,83,81.0,60.5
Summer,dessert,19424,banana chocolate chip muffins,80,77.0,60.5
Summer,dessert,18693,zucchini chocolate cake,80,80.0,60.5
Summer,dessert,205890,soft peanut butter cookies,79,61.0,60.5
Summer,dessert,349246,microwave chocolate mug brownie,79,72.0,60.5
Summer,dessert,133751,restaurant teriyaki sauce,78,74.0,60.5
Summer,dessert,51537,my no roll pie crust,77,71.0,60.5
Summer,dessert,27144,chocolate  chocolate  chocolate  bundt cake with chocolate glaze,76,73.0,60.5
Summer,dessert,51997,awesome blueberry muffins,76,69.0,60.5
Summer,dessert,8739,wholly guacamole,73,69.0,60.5
Summer,dessert,128952,cake batter ice cream,72,68.0,60.5
Summer,dessert,66703,big grandma s best peanut butter cookies,72,69.0,60.5
Summer,dessert,66575,fruit salad with pudding,72,68.0,60.5
Summer,dessert,42094,texas red enchilada sauce,71,68.0,60.5
Summer,dessert,26111,blackberry cobbler,70,66.0,60.5
Summer,dessert,66241,buttermilk pancakes,68,66.0,60.5
Summer,dessert,102617,kittencal s famous coleslaw,68,65.0,60.5
Summer,dessert,71373,country white bread or dinner rolls  bread machine,67,65.0,60.5
Summer,dessert,76491,thick chocolate pudding,65,63.0,60.5
Summer,dessert,82925,edna s apple crumble  aka  apple crisp,64,59.0,60.5
Summer,dessert,87925,kittencal s extreme chocolate brownies,62,61.0,60.5
Summer,dessert,183081,40 minute hamburger buns,61,57.0,60.5
Summer,dessert,94532,old fashioned blueberry muffins,60,59.0,60.5
Summer,dessert,178370,simple vanilla cupcakes,60,47.0,60.5
Summer,dessert,116236,creamy cucumber salad,59,55.0,60.5
Summer,dessert,117026,tons of blueberry coffee cake,58,56.0,60.5
Summer,dessert,116849,kittencal s famous caesar salad,58,56.0,60.5
Summer,dessert,222188,vanilla  buttercream frosting  from sprinkles cupcakes,58,54.0,60.5
Summer,dessert,31128,yummy crunchy apple pie,58,54.0,60.5
Summer,dessert,82486,very moist banana nut bread,57,56.0,60.5
Summer,dessert,54351,best oatmeal cookies,56,50.0,60.5
Summer,dessert,35393,berry smash muffins  strawberry muffins,55,53.0,60.5
Summer,dessert,153642,easy moist banana blueberry muffins,55,53.0,60.5
Summer,dessert,12591,angel food cake   homemade,54,52.0,60.5
Summer,dessert,14979,old fashioned banana cream pie,53,46.0,60.5
Summer,dessert,106251,roasted cauliflower   16 roasted cloves of garlic,52,50.0,60.5
Summer,dessert,92016,cinnamon swirl quick bread,52,52.0,60.5
Summer,dessert,125399,french toast sticks   oamc,50,47.0,60.5
Summer,dessert,67293,my grandmother s fresh peach cobbler,50,47.0,60.5
Summer,dessert,74048,puppy chow or monkey munch,50,40.0,60.5
Summer,dessert,132546,kittencal s chinese chicken balls with sweet and sour sauce,49,46.0,60.5
Summer,dessert,24618,peaches   cream pie,49,44.0,60.5
Summer,dessert,4861,cherry pie,49,46.0,60.5
Summer,dessert,80413,homemade hamburger buns  bread machine,49,46.0,60.5
Summer,dessert,11345,grandma s soft sugar cookies,49,44.0,60.5
Summer,dessert,93946,rhubarb crisp,48,43.0,60.5
Summer,dessert,57679,sandra s key lime pie,48,45.0,60.5
Summer,dessert,128494,simple peach pie,48,44.0,60.5
Summer,dessert,293243,quick cinnamon rolls   no yeast,48,38.0,60.5
Summer,dessert,110506,the best apple pie muffins ever,48,45.0,60.5
Summer,dessert,17254,sweet pickled banana peppers,48,37.0,60.5
Summer,dessert,30946,granny s banana cream pie,46,45.0,60.5
Summer,dessert,486641,moist   delicious banana nut bread,46,31.0,60.5
Summer,dessert,115432,whole wheat honey banana muffins,46,45.0,60.5
Summer,dessert,80118,kittencal s bakery buttercream  frosting icing,45,45.0,60.5
Summer,dessert,51257,blueberry sour cream pie,45,43.0,60.5
Summer,dessert,37425,fresh peach brown sugar pie,45,45.0,60.5
Summer,dessert,51104,peanut butter chocolate chip cookies,45,43.0,60.5
Summer,dessert,110683,basic batter waffles,45,44.0,60.5
Summer,dessert,26849,world s best chocolate chip cookies,44,40.0,60.5
Summer,dessert,136589,best apple cake,44,43.0,60.5
Summer,dessert,24796,strawberry cheesecake ice cream  for electric ice cream machine,44,39.0,60.5
Summer,dessert,100727,thick  soft  and chewy chocolate chip cookies,44,40.0,60.5
Summer,dessert,108248,nestle toll house chocolate chip pan cookie,43,40.0,60.5
Summer,dessert,24088,strawberry julius,43,43.0,60.5
Summer,dessert,31804,sue b s chocolate cake,43,42.0,60.5
Summer,dessert,91644,amanda s cheese pound cake,42,40.0,60.5
Summer,dessert,65340,buttery bread machine rolls,42,38.0,60.5
Summer,dessert,48013,amy s chocolate chip zucchini bread,42,38.0,60.5
Summer,dessert,19678,lee lee s famous chocolate sauce for ice cream,42,37.0,60.5
Summer,dessert,40235,homemade blackberry jam,42,35.0,60.5
Summer,dessert,98415,tsr version of ihop buttermilk pancakes by todd wilbur,42,40.0,60.5
Fall,dessert,2886,best banana bread,378,335.0,78.5
Fall,dessert,32204,whatever floats your boat  brownies,307,291.0,78.5
Fall,dessert,67256,best ever banana cake with cream cheese frosting,274,245.0,78.5
Fall,dessert,32614,fudge crinkles  a great 4 ingredient cake mix cookie,260,238.0,78.5
Fall,dessert,80156,the most wonderful gingerbread cookies,240,218.0,78.5
Fall,dessert,25885,banana banana bread,227,218.0,78.5
Fall,dessert,31128,yummy crunchy apple pie,225,220.0,78.5
Fall,dessert,97496,soft snickerdoodle cookies,211,187.0,78.5
Fall,dessert,26110,southern buttermilk biscuits,188,171.0,78.5
Fall,dessert,101104,libby s famous pumpkin pie,173,162.0,78.5
Fall,dessert,185445,best pumpkin cookies,172,160.0,78.5
Fall,dessert,46877,uncle bill s whipped shortbread cookies,169,164.0,78.5
Fall,dessert,82925,edna s apple crumble  aka  apple crisp,165,158.0,78.5
Fall,dessert,29679,reeses squares   5 ingredients   no bake  reese s,160,152.0,78.5
Fall,dessert,261889,kittencal s buttery cut out sugar cookies w  icing that hardens,160,142.0,78.5
Fall,dessert,46780,the cheesecake factory pumpkin cheesecake by todd wilbur,157,149.0,78.5
Fall,dessert,15411,impossible peanut butter cookies,155,141.0,78.5
Fall,dessert,52035,oreo balls,130,125.0,78.5
Fall,dessert,101954,utterly deadly southern pecan pie,129,116.0,78.5
Fall,dessert,76864,tsr 1993 version of cinnabon cinnamon rolls by todd wilbur,129,120.0,78.5
Fall,dessert,5170,pete s scratch pancakes,128,121.0,78.5
Fall,dessert,77397,kittencal s 5 minute cinnamon flop brunch cake,126,123.0,78.5
Fall,dessert,43509,crumb topped banana muffins,118,115.0,78.5
Fall,dessert,31750,the best ever waffles,117,107.0,78.5
Fall,dessert,71373,country white bread or dinner rolls  bread machine,117,116.0,78.5
Fall,dessert,65340,buttery bread machine rolls,112,101.0,78.5
Fall,dessert,89207,kittencal s chocolate frosting icing,110,102.0,78.5
Fall,dessert,28758,best ever pumpkin pie,110,106.0,78.5
Fall,dessert,2496,dark chocolate cake,109,103.0,78.5
Fall,dessert,187362,light and fluffy pumpkin pancakes,108,105.0,78.5
Fall,dessert,73469,harvest pumpkin apple bread,107,104.0,78.5
Fall,dessert,132263,5 minute vegan pancakes,105,92.0,78.5
Fall,dessert,27144,chocolate  chocolate  chocolate  bundt cake with chocolate glaze,98,94.0,78.5
Fall,dessert,106251,roasted cauliflower   16 roasted cloves of garlic,97,96.0,78.5
Fall,dessert,90674,denny s style french toast,97,94.0,78.5
Fall,dessert,214051,tsr version of starbucks pumpkin scones by todd wilbur,96,86.0,78.5
Fall,dessert,69983,pumpkin cake bars with cream cheese frosting,95,91.0,78.5
Fall,dessert,51537,my no roll pie crust,95,84.0,78.5
Fall,dessert,50719,the sweetest blueberry muffins,94,90.0,78.5
Fall,dessert,112683,white chocolate chip cranberry oatmeal cookies,92,88.0,78.5
Fall,dessert,66703,big grandma s best peanut butter cookies,88,84.0,78.5
Fall,dessert,26370,the only chocolate cake recipe you ll ever need   devil s food,87,77.0,78.5
Fall,dessert,110506,the best apple pie muffins ever,86,83.0,78.5
Fall,dessert,15072,perfect chocolate brownies,85,80.0,78.5
Fall,dessert,73274,kittencal s caramel apples,85,78.0,78.5
Fall,dessert,136589,best apple cake,83,78.0,78.5
Fall,dessert,37548,harvest pumpkin cheesecake,82,80.0,78.5
Fall,dessert,80470,bakery style chewy chocolate chip cookies,81,74.0,78.5
Fall,dessert,73825,why i joined zaar carrot cake,80,76.0,78.5
Fall,dessert,149257,gingerbread  for cookies or a  gingerbread house,79,76.0,78.5
Fall,dessert,84504,kim s sweet potato casserole,78,71.0,78.5
Fall,dessert,145312,weight watchers 2 point  pumpkin muffins,78,70.0,78.5
Fall,dessert,114392,ultimate pizza sauce,77,71.0,78.5
Fall,dessert,28603,halloween party treat  candy corn and peanut mix,77,73.0,78.5
Fall,dessert,69630,white almond sour cream wedding cake,77,67.0,78.5
Fall,dessert,47326,pumpkin gooey butter cake   paula deen,74,72.0,78.5
Fall,dessert,82945,eloise s easy sugar cookies,74,57.0,78.5
Fall,dessert,93886,crock pot apple butter,73,64.0,78.5
Fall,dessert,205890,soft peanut butter cookies,72,63.0,78.5
Fall,dessert,54351,best oatmeal cookies,71,64.0,78.5
Fall,dessert,50684,world s best butter cookies,70,58.0,78.5
Fall,dessert,96514,unknownchef86 s very best dinner rolls,70,69.0,78.5
Fall,dessert,14979,old fashioned banana cream pie,69,64.0,78.5
Fall,dessert,19424,banana chocolate chip muffins,68,65.0,78.5
Fall,dessert,82486,very moist banana nut bread,68,63.0,78.5
Fall,dessert,66596,kittencal s famous greek salad,67,64.0,78.5
Fall,dessert,98869,apple or pear cake,65,64.0,78.5
Fall,dessert,10125,soft batch chocolate chip cookies,65,60.0,78.5
Fall,dessert,11345,grandma s soft sugar cookies,63,60.0,78.5
Fall,dessert,64015,sugar cookie icing,62,54.0,78.5
Fall,dessert,349246,microwave chocolate mug brownie,62,55.0,78.5
Fall,dessert,67930,spiced pumpkin waffles,61,57.0,78.5
Fall,dessert,189156,pumpkin cream cheese muffins  like starbucks,61,55.0,78.5
Fall,dessert,33869,hello dollies,60,53.0,78.5
Fall,dessert,104975,easy  festive chocolate holiday pretzels,60,59.0,78.5
Fall,dessert,133751,restaurant teriyaki sauce,60,49.0,78.5
Fall,dessert,222188,vanilla  buttercream frosting  from sprinkles cupcakes,59,53.0,78.5
Fall,dessert,139499,cranberry orange muffins,59,57.0,78.5
Fall,dessert,66241,buttermilk pancakes,58,56.0,78.5
Fall,dessert,117317,blue ridge mountains chocolate chip cookies,58,56.0,78.5
Fall,dessert,23687,mean chef s apple brine,58,56.0,78.5
Fall,dessert,13307,neiman marcus  250 chocolate chip cookies recipe,57,54.0,78.5
Fall,dessert,20431,soft  spicy  heavenly ginger cookies,56,54.0,78.5
Fall,dessert,135850,severed fingers halloween cookies,56,55.0,78.5
Fall,dessert,26205,classic pie crust  idiot proof step by step photo tutorial,55,53.0,78.5
Fall,dessert,8739,wholly guacamole,55,54.0,78.5
Fall,dessert,4573,hershey s old fashioned rich cocoa fudge,55,36.0,78.5
Fall,dessert,14499,bacardi rum cake,55,50.0,78.5
Fall,dessert,14187,melt in your mouth pumpkin bread,55,53.0,78.5
Fall,dessert,137530,easy crock pot moroccan chicken  chickpea and apricot tagine,54,49.0,78.5
Fall,dessert,14906,eggnog cookies,54,53.0,78.5
Fall,dessert,15489,peppermint candy cane bark,54,47.0,78.5
Fall,dessert,80118,kittencal s bakery buttercream  frosting icing,54,52.0,78.5
Fall,dessert,8424,kentucky apple festival apple pie,53,52.0,78.5
Fall,dessert,38041,my favorite chocolate chip cookies,53,50.0,78.5
Fall,dessert,116849,kittencal s famous caesar salad,52,51.0,78.5
Fall,dessert,48401,chocolate flan cake,52,50.0,78.5
Fall,dessert,2498,pumpkin pie crunch,52,51.0,78.5
Fall,dessert,26849,world s best chocolate chip cookies,51,43.0,78.5
Fall,dessert,100480,unbelievable apple pie,50,43.0,78.5
Winter,dessert,2886,best banana bread,424,353.0,71.0
Winter,dessert,32204,whatever floats your boat  brownies,356,338.0,71.0
Winter,dessert,67256,best ever banana cake with cream cheese frosting,344,313.0,71.0
Winter,dessert,97496,soft snickerdoodle cookies,232,219.0,71.0
Winter,dessert,25885,banana banana bread,227,217.0,71.0
Winter,dessert,26110,southern buttermilk biscuits,211,192.0,71.0
Winter,dessert,5170,pete s scratch pancakes,205,191.0,71.0
Winter,dessert,261889,kittencal s buttery cut out sugar cookies w  icing that hardens,201,192.0,71.0
Winter,dessert,32614,fudge crinkles  a great 4 ingredient cake mix cookie,195,186.0,71.0
Winter,dessert,77397,kittencal s 5 minute cinnamon flop brunch cake,186,182.0,71.0
Winter,dessert,76864,tsr 1993 version of cinnabon cinnamon rolls by todd wilbur,182,166.0,71.0
Winter,dessert,31750,the best ever waffles,171,152.0,71.0
Winter,dessert,80156,the most wonderful gingerbread cookies,171,161.0,71.0
Winter,dessert,15411,impossible peanut butter cookies,160,153.0,71.0
Winter,dessert,52035,oreo balls,156,150.0,71.0
Winter,dessert,89207,kittencal s chocolate frosting icing,151,148.0,71.0
Winter,dessert,2496,dark chocolate cake,148,143.0,71.0
Winter,dessert,50719,the sweetest blueberry muffins,140,121.0,71.0
Winter,dessert,132263,5 minute vegan pancakes,139,127.0,71.0
Winter,dessert,106251,roasted cauliflower   16 roasted cloves of garlic,138,138.0,71.0
Winter,dessert,43509,crumb topped banana muffins,130,125.0,71.0
Winter,dessert,90674,denny s style french toast,129,120.0,71.0
Winter,dessert,29679,reeses squares   5 ingredients   no bake  reese s,128,125.0,71.0
Winter,dessert,71373,country white bread or dinner rolls  bread machine,125,119.0,71.0
Winter,dessert,73825,why i joined zaar carrot cake,117,114.0,71.0
Winter,dessert,80470,bakery style chewy chocolate chip cookies,107,104.0,71.0
Winter,dessert,26370,the only chocolate cake recipe you ll ever need   devil s food,105,93.0,71.0
Winter,dessert,114392,ultimate pizza sauce,104,93.0,71.0
Winter,dessert,27144,chocolate  chocolate  chocolate  bundt cake with chocolate glaze,100,95.0,71.0
Winter,dessert,205890,soft peanut butter cookies,98,84.0,71.0
Winter,dessert,46877,uncle bill s whipped shortbread cookies,94,93.0,71.0
Winter,dessert,65340,buttery bread machine rolls,94,90.0,71.0
Winter,dessert,63071,the best belgian waffles,91,88.0,71.0
Winter,dessert,222188,vanilla  buttercream frosting  from sprinkles cupcakes,89,82.0,71.0
Winter,dessert,8739,wholly guacamole,87,85.0,71.0
Winter,dessert,15072,perfect chocolate brownies,86,78.0,71.0
Winter,dessert,31128,yummy crunchy apple pie,84,81.0,71.0
Winter,dessert,54351,best oatmeal cookies,81,69.0,71.0
Winter,dessert,146427,sweet chicken bacon wraps  paula deen,81,77.0,71.0
Winter,dessert,76491,thick chocolate pudding,80,79.0,71.0
Winter,dessert,66703,big grandma s best peanut butter cookies,79,74.0,71.0
Winter,dessert,133751,restaurant teriyaki sauce,79,65.0,71.0
Winter,dessert,10125,soft batch chocolate chip cookies,78,76.0,71.0
Winter,dessert,66596,kittencal s famous greek salad,76,75.0,71.0
Winter,dessert,349246,microwave chocolate mug brownie,74,70.0,71.0
Winter,dessert,14499,bacardi rum cake,74,62.0,71.0
Winter,dessert,109685,mexican enchilada sauce,74,71.0,71.0
Winter,dessert,69630,white almond sour cream wedding cake,74,70.0,71.0
Winter,dessert,80413,homemade hamburger buns  bread machine,74,71.0,71.0
Winter,dessert,108248,nestle toll house chocolate chip pan cookie,72,65.0,71.0
Winter,dessert,48532,peanut butter chocolate chunk cookies,70,70.0,71.0
Winter,dessert,125633,cream cheese cinnamon crescents,70,69.0,71.0
Winter,dessert,66241,buttermilk pancakes,70,65.0,71.0
Winter,dessert,50684,world s best butter cookies,70,65.0,71.0
Winter,dessert,9494,red lobster cheddar bay biscuits copycat,69,67.0,71.0
Winter,dessert,15489,peppermint candy cane bark,69,67.0,71.0
Winter,dessert,112683,white chocolate chip cranberry oatmeal cookies,69,64.0,71.0
Winter,dessert,82486,very moist banana nut bread,69,63.0,71.0
Winter,dessert,25723,tiny cinnamon rolls,69,69.0,71.0
Winter,dessert,110506,the best apple pie muffins ever,68,67.0,71.0
Winter,dessert,82925,edna s apple crumble  aka  apple crisp,68,64.0,71.0
Winter,dessert,87925,kittencal s extreme chocolate brownies,67,66.0,71.0
Winter,dessert,51537,my no roll pie crust,67,66.0,71.0
Winter,dessert,89751,kittencal s easy one bowl vanilla cupcakes,66,63.0,71.0
Winter,dessert,3180,vanishing oatmeal raisin cookies,66,59.0,71.0
Winter,dessert,8972,waldorf astoria red velvet cake,64,53.0,71.0
Winter,dessert,136589,best apple cake,64,61.0,71.0
Winter,dessert,110683,basic batter waffles,63,62.0,71.0
Winter,dessert,137530,easy crock pot moroccan chicken  chickpea and apricot tagine,62,59.0,71.0
Winter,dessert,178370,simple vanilla cupcakes,62,46.0,71.0
Winter,dessert,19424,banana chocolate chip muffins,60,59.0,71.0
Winter,dessert,181106,100  whole grain wheat bread,60,52.0,71.0
Winter,dessert,42094,texas red enchilada sauce,60,59.0,71.0
Winter,dessert,8603,easy banana muffins,60,50.0,71.0
Winter,dessert,139518,magnolia bakery s vanilla birthday cake and frosting,60,58.0,71.0
Winter,dessert,105594,mom s chocolate cupcakes,59,55.0,71.0
Winter,dessert,26849,world s best chocolate chip cookies,58,53.0,71.0
Winter,dessert,53301,chewy double chocolate chip cookies,58,54.0,71.0
Winter,dessert,14979,old fashioned banana cream pie,57,51.0,71.0
Winter,dessert,100727,thick  soft  and chewy chocolate chip cookies,56,53.0,71.0
Winter,dessert,101041,lisa s swirled chocolate chip cookies,56,55.0,71.0
Winter,dessert,73927,any fruit fast fat free cobbler,55,55.0,71.0
Winter,dessert,64015,sugar cookie icing,54,51.0,71.0
Winter,dessert,98415,tsr version of ihop buttermilk pancakes by todd wilbur,54,52.0,71.0
Winter,dessert,38966,quick yellow cake,54,51.0,71.0
Winter,dessert,113457,tsr version of mcdonald s shamrock shake by todd wilbur,54,53.0,71.0
Winter,dessert,74048,puppy chow or monkey munch,54,50.0,71.0
Winter,dessert,11345,grandma s soft sugar cookies,54,52.0,71.0
Winter,dessert,45006,auntie s delicious soft pretzels  amish recipe,53,50.0,71.0
Winter,dessert,74086,nutella hot chocolate,53,53.0,71.0
Winter,dessert,12591,angel food cake   homemade,53,48.0,71.0
Winter,dessert,14325,fresh orange muffins,53,49.0,71.0
Winter,dessert,50722,bread machine cinnamon buns,53,47.0,71.0
Winter,dessert,293243,quick cinnamon rolls   no yeast,52,47.0,71.0
Winter,dessert,183081,40 minute hamburger buns,52,46.0,71.0
Winter,dessert,71360,quick soft breadsticks,51,49.0,71.0
Winter,dessert,104975,easy  festive chocolate holiday pretzels,50,50.0,71.0
Winter,dessert,132546,kittencal s chinese chicken balls with sweet and sour sauce,50,44.0,71.0
Winter,dessert,92016,cinnamon swirl quick bread,49,48.0,71.0
Winter,dessert,13745,jello cookies,49,45.0,71.0
Spring,boisson,20616,irish rosie s irish soda bread,59,56.0,7.0
Spring,boisson,66947,refreshing mojito  by the pitcher mojitos,40,37.0,7.0
Spring,boisson,46798,the best strawberry smoothie ever,31,28.0,7.0
Spring,boisson,170262,strawberry  adult drink,18,18.0,7.0
Spring,boisson,219707,mint limeade,17,17.0,7.0
Spring,boisson,60506,basic mojito ingredients,16,16.0,7.0
Spring,boisson,83425,chocolate peanut butter smoothie,15,15.0,7.0
Spring,boisson,483803,lemonade 6 ways,15,15.0,7.0
Spring,boisson,79378,slushy lemonade,14,12.0,7.0
Spring,boisson,194202,pomegranate iced tea,14,14.0,7.0
Spring,boisson,122568,quick n easy strawberry and banana smoothie,13,13.0,7.0
Spring,boisson,86863,so simple punch,13,13.0,7.0
Spring,boisson,423618,citrus cream smoothie,12,12.0,7.0
Spring,boisson,101141,sierra frozen fruit smoothie,12,12.0,7.0
Spring,boisson,207887,lemonade plus,12,12.0,7.0
Spring,boisson,35932,most refreshing lemonade you will ever taste    quick   easy,12,12.0,7.0
Spring,boisson,160379,traditional irish soda bread,11,10.0,7.0
Spring,boisson,356040,spinach banana smoothie,11,8.0,7.0
Spring,boisson,306714,moscow mule cocktail,11,11.0,7.0
Spring,boisson,162425,blueberry blast breakfast smoothie,10,10.0,7.0
Spring,boisson,121207,florida fruit smoothie,10,9.0,7.0
Spring,boisson,146538,magic bullet smoothie,10,10.0,7.0
Spring,boisson,88364,lemon drop martini,10,10.0,7.0
Spring,boisson,253966,tsr version of olive garden limoncello lemonade by todd wilbur,10,7.0,7.0
Spring,boisson,114029,dreamy martini,10,10.0,7.0
Spring,boisson,59148,ya ya punch,9,9.0,7.0
Spring,boisson,211811,vanilla bliss summer cocktail,9,9.0,7.0
Spring,boisson,68032,strawberry orange banana smoothie,9,9.0,7.0
Spring,boisson,67234,fresh lemonade,9,8.0,7.0
Spring,boisson,65347,mocha latte smoothie,9,9.0,7.0
Spring,boisson,423875,sexy greek   cocktail,9,9.0,7.0
Spring,boisson,45268,shake a pie crust,9,9.0,7.0
Spring,boisson,232927,jiffy punch,9,9.0,7.0
Spring,boisson,163220,kittencal s really great old fashioned lemonade,9,9.0,7.0
Spring,boisson,172492,three fruit smoothie,9,9.0,7.0
Spring,boisson,96003,mango shake,9,9.0,7.0
Spring,boisson,166279,champagne mojito,8,8.0,7.0
Spring,boisson,456826,shaah  somali tea,8,7.0,7.0
Spring,boisson,103643,real irish soda bread,8,6.0,7.0
Spring,boisson,204210,banana raspberry smoothie,8,7.0,7.0
Spring,boisson,227468,solar powered  sun brewed iced tea,8,8.0,7.0
Spring,boisson,24691,sparkling party punch  non alcoholic,8,7.0,7.0
Spring,boisson,218397,iced rhubarb tea,8,8.0,7.0
Spring,boisson,224223,cranberry burst,8,8.0,7.0
Spring,boisson,2941,raspberry sherbet punch,8,8.0,7.0
Spring,boisson,25401,peanut butter banana breakfast smoothie,7,7.0,7.0
Spring,boisson,164049,kiwi martini,7,7.0,7.0
Spring,boisson,162119,essential strawberry smoothie,7,7.0,7.0
Spring,boisson,96989,san francisco marriott s pink punch,7,7.0,7.0
Spring,boisson,250822,pink mojito,7,7.0,7.0
Spring,boisson,231399,citrus sangria  non alcoholic,7,6.0,7.0
Spring,boisson,209058,apricot citrus drink,7,7.0,7.0
Spring,boisson,370537,hibiscus punch,7,7.0,7.0
Spring,boisson,215699,irish mocha smoothie,7,7.0,7.0
Spring,boisson,187377,blushing rose lemonade,7,7.0,7.0
Spring,boisson,457269,italian cream soda,7,7.0,7.0
Spring,boisson,198884,buck s fizz   champagne and orange cocktail,7,7.0,7.0
Spring,boisson,223303,cranberry blush smoothie,7,7.0,7.0
Spring,boisson,18296,pumpkin shake,7,7.0,7.0
Spring,boisson,114412,splenda lemonade,7,6.0,7.0
Spring,boisson,306178,greek doctor cocktail,7,7.0,7.0
Spring,boisson,375301,cinnamon banana shake  raw food,7,7.0,7.0
Spring,boisson,209672,cranberry sparkle,7,7.0,7.0
Spring,boisson,148903,lemonade made with stevia,7,7.0,7.0
Spring,boisson,307684,caipirosca  brazilian lime cocktail,7,7.0,7.0
Spring,boisson,58846,sloppy joe s mojito  alcoholic beverage,6,6.0,7.0
Spring,boisson,211003,matcha smoothie,6,6.0,7.0
Spring,boisson,192148,icy pumpkin smoothie,6,6.0,7.0
Spring,boisson,10836,easy banana milkshake,6,4.0,7.0
Spring,boisson,304018,alpine latte,6,6.0,7.0
Spring,boisson,60510,mojito jello shots,6,6.0,7.0
Spring,boisson,195448,perfect purple punch,6,6.0,7.0
Spring,boisson,284630,banana blueberry smoothie,6,6.0,7.0
Spring,boisson,62521,raspberry banana mango smoothie,6,6.0,7.0
Spring,boisson,16990,yellow punch,6,5.0,7.0
Spring,boisson,224795,tropical paradise smoothie,6,6.0,7.0
Spring,boisson,370256,creamy mango lime smoothie,6,6.0,7.0
Spring,boisson,217847,banana shake   smoothie,6,6.0,7.0
Spring,boisson,188542,healthy banana milkshake,6,5.0,7.0
Spring,boisson,220846,blue and red berry smoothie,6,6.0,7.0
Spring,boisson,456874,pineapple orange drink   brazilian,6,6.0,7.0
Spring,boisson,456836,chai  african tea,6,5.0,7.0
Spring,boisson,65815,summertime slush,6,6.0,7.0
Spring,boisson,49318,fruity sangria with a kick,6,6.0,7.0
Spring,boisson,98194,italian herb salad dressing mix clone,6,6.0,7.0
Spring,boisson,29571,pink perfection juice,6,6.0,7.0
Spring,boisson,29871,banana nutmeg smoothie,6,6.0,7.0
Spring,boisson,182593,iced cinnamon coffee,6,6.0,7.0
Spring,boisson,345806,jack daniel s lynchburg lemonade,6,6.0,7.0
Spring,boisson,167962,blueberry pineapple smoothie,6,6.0,7.0
Spring,boisson,81803,anytime slushy punch,6,6.0,7.0
Spring,boisson,250673,pineapple mojito,6,5.0,7.0
Spring,boisson,455374,kona spiced coffee,6,6.0,7.0
Spring,boisson,83433,fast fast fast soda bread,6,6.0,7.0
Spring,boisson,365405,pineapple  banana and coconut smoothie,6,6.0,7.0
Spring,boisson,225953,agua de valencia   knock your socks off spanish cava punch,6,5.0,7.0
Spring,boisson,455974,east african cardamom tea,6,6.0,7.0
Spring,boisson,20970,peach lemonade,6,5.0,7.0
Spring,boisson,148790,carolina strawberry lemonade,6,6.0,7.0
Spring,boisson,134147,orange sherbet smoothie,6,6.0,7.0
Summer,boisson,66947,refreshing mojito  by the pitcher mojitos,56,52.0,8.0
Summer,boisson,207929,best fruit smoothie ever,25,25.0,8.0
Summer,boisson,35932,most refreshing lemonade you will ever taste    quick   easy,25,25.0,8.0
Summer,boisson,309187,raspberry iced tea,21,21.0,8.0
Summer,boisson,46798,the best strawberry smoothie ever,19,18.0,8.0
Summer,boisson,304652,malibu   cranberry cocktail,17,17.0,8.0
Summer,boisson,503642,greek iced coffee,17,17.0,8.0
Summer,boisson,289061,awesome orange  coconut and banana smoothie,16,16.0,8.0
Summer,boisson,162425,blueberry blast breakfast smoothie,15,14.0,8.0
Summer,boisson,96003,mango shake,15,15.0,8.0
Summer,boisson,166675,guava mojito,14,14.0,8.0
Summer,boisson,59148,ya ya punch,14,13.0,8.0
Summer,boisson,210258,peach smoothie  diabetic,13,13.0,8.0
Summer,boisson,122568,quick n easy strawberry and banana smoothie,13,13.0,8.0
Summer,boisson,79378,slushy lemonade,13,13.0,8.0
Summer,boisson,163220,kittencal s really great old fashioned lemonade,13,13.0,8.0
Summer,boisson,20616,irish rosie s irish soda bread,13,13.0,8.0
Summer,boisson,6916,low calorie lemonade,13,13.0,8.0
Summer,boisson,187812,delightful cranberry lemonade,12,12.0,8.0
Summer,boisson,170262,strawberry  adult drink,12,12.0,8.0
Summer,boisson,10836,easy banana milkshake,11,10.0,8.0
Summer,boisson,277085,michaels hard lemonade,11,11.0,8.0
Summer,boisson,309526,island girl drink,10,10.0,8.0
Summer,boisson,178833,iced tea with grenadine,10,10.0,8.0
Summer,boisson,356040,spinach banana smoothie,10,10.0,8.0
Summer,boisson,65347,mocha latte smoothie,10,10.0,8.0
Summer,boisson,167763,the palomino martini,10,10.0,8.0
Summer,boisson,172982,luscious banana berry smoothie,10,10.0,8.0
Summer,boisson,18296,pumpkin shake,10,10.0,8.0
Summer,boisson,101141,sierra frozen fruit smoothie,10,10.0,8.0
Summer,boisson,173131,lemouroudji  lemonade,9,9.0,8.0
Summer,boisson,45268,shake a pie crust,9,9.0,8.0
Summer,boisson,388501,strawberry and orange smoothie,9,9.0,8.0
Summer,boisson,92125,summer sangria   classic sangria,9,9.0,8.0
Summer,boisson,485835,chocolate bailey martini by bistro bond babes,9,9.0,8.0
Summer,boisson,502696,moroccan coffee with six fragrant spices,9,9.0,8.0
Summer,boisson,60506,basic mojito ingredients,9,9.0,8.0
Summer,boisson,15813,long island iced tea  applebee s tgi friday s style,9,6.0,8.0
Summer,boisson,88364,lemon drop martini,9,9.0,8.0
Summer,boisson,160379,traditional irish soda bread,9,9.0,8.0
Summer,boisson,306822,iced rooibos and mango tea,9,9.0,8.0
Summer,boisson,166279,champagne mojito,8,8.0,8.0
Summer,boisson,217847,banana shake   smoothie,8,8.0,8.0
Summer,boisson,457805,pineapple water,8,8.0,8.0
Summer,boisson,219707,mint limeade,8,8.0,8.0
Summer,boisson,61645,iced tea,8,8.0,8.0
Summer,boisson,153752,sparkling limeade  non alcoholic,8,8.0,8.0
Summer,boisson,230152,irish coconut shake,8,8.0,8.0
Summer,boisson,236863,mango tango iced green tea,8,8.0,8.0
Summer,boisson,29871,banana nutmeg smoothie,8,8.0,8.0
Summer,boisson,32098,hawaiian lemonade,8,8.0,8.0
Summer,boisson,290090,opposite of a smoothie   breakfast crunchy,8,8.0,8.0
Summer,boisson,68032,strawberry orange banana smoothie,7,7.0,8.0
Summer,boisson,307684,caipirosca  brazilian lime cocktail,7,7.0,8.0
Summer,boisson,188542,healthy banana milkshake,7,7.0,8.0
Summer,boisson,284630,banana blueberry smoothie,7,6.0,8.0
Summer,boisson,283273,blueberry and green tea smoothie,7,7.0,8.0
Summer,boisson,279997,baileys mint chocolate martini,7,7.0,8.0
Summer,boisson,269483,mojito,7,5.0,8.0
Summer,boisson,65931,key lime pie martini,7,7.0,8.0
Summer,boisson,388516,buttermilk shake,7,7.0,8.0
Summer,boisson,374627,lavender coffee for 1,7,7.0,8.0
Summer,boisson,375930,super healthy strawberry   blueberry smoothie,7,7.0,8.0
Summer,boisson,227468,solar powered  sun brewed iced tea,7,7.0,8.0
Summer,boisson,61038,white wine peach sangria,7,7.0,8.0
Summer,boisson,179367,pomegranate mojito,7,7.0,8.0
Summer,boisson,455974,east african cardamom tea,7,7.0,8.0
Summer,boisson,485911,a honey of a peaches  n cream smoothie,7,7.0,8.0
Summer,boisson,123012,boston iced tea,7,7.0,8.0
Summer,boisson,455374,kona spiced coffee,7,7.0,8.0
Summer,boisson,432710,coconut mango smoothie,7,7.0,8.0
Summer,boisson,503235,thai iced coffee   12 hour brew technique,7,7.0,8.0
Summer,boisson,86340,lemon shake up,7,6.0,8.0
Summer,boisson,20970,peach lemonade,7,7.0,8.0
Summer,boisson,96989,san francisco marriott s pink punch,7,7.0,8.0
Summer,boisson,146538,magic bullet smoothie,7,7.0,8.0
Summer,boisson,148790,carolina strawberry lemonade,7,7.0,8.0
Summer,boisson,100770,rice krispies chocolate dream bars,7,7.0,8.0
Summer,boisson,83425,chocolate peanut butter smoothie,7,6.0,8.0
Summer,boisson,250276,caravella iced tea,6,6.0,8.0
Summer,boisson,505443,moroccan grape juice,6,6.0,8.0
Summer,boisson,253966,tsr version of olive garden limoncello lemonade by todd wilbur,6,5.0,8.0
Summer,boisson,250163,south african smoothie,6,6.0,8.0
Summer,boisson,376850,kittencal s creamy vanilla milkshake,6,6.0,8.0
Summer,boisson,128934,creamy coffee ice cream brandy smoothie dessert,6,6.0,8.0
Summer,boisson,94541,fresh mint and ginger lemonade,6,6.0,8.0
Summer,boisson,501807,lemongrass and ginger iced tea laos,6,6.0,8.0
Summer,boisson,121281,paradise mango lemonade,6,6.0,8.0
Summer,boisson,503815,orange yogurt smoothie   moroccan,6,5.0,8.0
Summer,boisson,347150,old fashioned pink lemonade,6,6.0,8.0
Summer,boisson,2941,raspberry sherbet punch,6,5.0,8.0
Summer,boisson,310414,saucy smoothie,6,6.0,8.0
Summer,boisson,310997,blu ban o smoothie,6,6.0,8.0
Summer,boisson,314364,pineapple lemonade,6,6.0,8.0
Summer,boisson,35293,horlicks banana smoothie,6,6.0,8.0
Summer,boisson,242001,low cal iced coffee with milk  cafe au lait,6,5.0,8.0
Summer,boisson,173581,pineapple mint iced tea,6,6.0,8.0
Summer,boisson,72741,perfect iced tea,6,6.0,8.0
Summer,boisson,65815,summertime slush,6,6.0,8.0
Summer,boisson,188933,fig banana smoothie,6,6.0,8.0
Fall,boisson,20616,irish rosie s irish soda bread,23,22.0,5.0
Fall,boisson,18296,pumpkin shake,19,19.0,5.0
Fall,boisson,46798,the best strawberry smoothie ever,16,15.0,5.0
Fall,boisson,261718,witch s bubbly brewed punch   halloween,14,11.0,5.0
Fall,boisson,45268,shake a pie crust,14,13.0,5.0
Fall,boisson,59148,ya ya punch,14,14.0,5.0
Fall,boisson,15340,traditional eggnog,14,10.0,5.0
Fall,boisson,100770,rice krispies chocolate dream bars,12,12.0,5.0
Fall,boisson,88364,lemon drop martini,10,8.0,5.0
Fall,boisson,19817,7 up cranberry punch,10,10.0,5.0
Fall,boisson,86863,so simple punch,10,10.0,5.0
Fall,boisson,192148,icy pumpkin smoothie,10,10.0,5.0
Fall,boisson,146320,oprah s pomegranate martini,10,10.0,5.0
Fall,boisson,122568,quick n easy strawberry and banana smoothie,10,10.0,5.0
Fall,boisson,139459,cinnamon   ouzo iced tea,9,9.0,5.0
Fall,boisson,66947,refreshing mojito  by the pitcher mojitos,9,8.0,5.0
Fall,boisson,270550,starbucks pumpkin spice latte  copycat,9,8.0,5.0
Fall,boisson,96989,san francisco marriott s pink punch,9,9.0,5.0
Fall,boisson,41039,easy concord grape juice,9,8.0,5.0
Fall,boisson,65347,mocha latte smoothie,9,9.0,5.0
Fall,boisson,146741,hot lemonade with rum,8,7.0,5.0
Fall,boisson,146538,magic bullet smoothie,8,7.0,5.0
Fall,boisson,10836,easy banana milkshake,8,7.0,5.0
Fall,boisson,260905,coconut snowball martini,7,7.0,5.0
Fall,boisson,83425,chocolate peanut butter smoothie,7,7.0,5.0
Fall,boisson,217847,banana shake   smoothie,7,7.0,5.0
Fall,boisson,249188,coco amaretto juice,7,7.0,5.0
Fall,boisson,255175,fuzzy orange smoothie,7,7.0,5.0
Fall,boisson,227110,very berry blueberry smoothie,7,7.0,5.0
Fall,boisson,12652,easy punch,7,6.0,5.0
Fall,boisson,2941,raspberry sherbet punch,7,7.0,5.0
Fall,boisson,142877,black halloween punch,7,7.0,5.0
Fall,boisson,601,elly may s wedding punch,7,7.0,5.0
Fall,boisson,15813,long island iced tea  applebee s tgi friday s style,6,5.0,5.0
Fall,boisson,178721,eggnog punch,6,6.0,5.0
Fall,boisson,247006,velvet martini,6,6.0,5.0
Fall,boisson,167817,homemade cranberry juice,6,6.0,5.0
Fall,boisson,324619,ginger pineapple spritzer,6,6.0,5.0
Fall,boisson,100071,awesome sparkling crystal clear windows cleaner,6,6.0,5.0
Fall,boisson,391956,peachtree martini,6,6.0,5.0
Fall,boisson,264808,almond chocolate coffee,6,5.0,5.0
Fall,boisson,265892,bubbletart  non alcoholic,6,6.0,5.0
Fall,boisson,327232,pinky lady lemonade cocktail,6,6.0,5.0
Fall,boisson,488567,seize the day cafe au lait,6,6.0,5.0
Fall,boisson,253343,country cappuccino mix   gift in a jar,5,4.0,5.0
Fall,boisson,253455,coconut pie cocktail,5,5.0,5.0
Fall,boisson,29871,banana nutmeg smoothie,5,5.0,5.0
Fall,boisson,81546,green swamp punch with frightful frozen hand,5,5.0,5.0
Fall,boisson,259160,carey neff s espresso cake,5,5.0,5.0
Fall,boisson,30773,berry pink smoothie,5,5.0,5.0
Fall,boisson,254131,peaches   cream smoothie,5,5.0,5.0
Fall,boisson,388915,thai coffee,5,5.0,5.0
Fall,boisson,220846,blue and red berry smoothie,5,5.0,5.0
Fall,boisson,400755,anyday holiday coffee,5,5.0,5.0
Fall,boisson,259689,banana and oat smoothie,5,5.0,5.0
Fall,boisson,214514,bailey s martini,5,5.0,5.0
Fall,boisson,134652,peachy peach smoothie,5,5.0,5.0
Fall,boisson,224223,cranberry burst,5,5.0,5.0
Fall,boisson,139955,berry   banana smoothie,5,5.0,5.0
Fall,boisson,225435,strawberry lemonade smoothie,5,5.0,5.0
Fall,boisson,196786,splenda pink lemonade,5,5.0,5.0
Fall,boisson,199448,ww vegetarian chili,5,5.0,5.0
Fall,boisson,185232,berry banana smoothie,5,5.0,5.0
Fall,boisson,186676,dragon s blood punch and hand ice mold,5,5.0,5.0
Fall,boisson,164739,pink lemonade margarita,5,5.0,5.0
Fall,boisson,14405,emeril lagasse s red rooster punch,5,5.0,5.0
Fall,boisson,8730,dirty martini,5,5.0,5.0
Fall,boisson,37819,mulled apple cider,5,5.0,5.0
Fall,boisson,65931,key lime pie martini,5,5.0,5.0
Fall,boisson,384471,bluenana smoothie,5,5.0,5.0
Fall,boisson,260479,super pumpkin pie smoothie,5,5.0,5.0
Fall,boisson,29215,banana orange smoothie,5,5.0,5.0
Fall,boisson,73214,vodka punch,5,5.0,5.0
Fall,boisson,272557,hot spiced apple cider in a crock pot,5,4.0,5.0
Fall,boisson,83433,fast fast fast soda bread,5,4.0,5.0
Fall,boisson,73933,floating hands halloween punch,5,2.0,5.0
Fall,boisson,33051,straightforward lemon iced tea,4,4.0,5.0
Fall,boisson,104874,eggnog smoothie,4,3.0,5.0
Fall,boisson,256695,iced pumpkin latte,4,4.0,5.0
Fall,boisson,249052,vanilla coke  alcoholic,4,4.0,5.0
Fall,boisson,195448,perfect purple punch,4,4.0,5.0
Fall,boisson,196299,unknownchef86 s poor man s eggnog latte,4,4.0,5.0
Fall,boisson,193458,winter wassail,4,4.0,5.0
Fall,boisson,144990,cranberry  orange cream cheese smoothie,4,4.0,5.0
Fall,boisson,402331,coffee with mint,4,4.0,5.0
Fall,boisson,215395,autumn holiday coffee,4,4.0,5.0
Fall,boisson,2940,lemon sherbet punch,4,4.0,5.0
Fall,boisson,188331,ghostly green brew,4,4.0,5.0
Fall,boisson,141382,limoonada,4,4.0,5.0
Fall,boisson,124503,quick mulled wine,4,4.0,5.0
Fall,boisson,250673,pineapple mojito,4,4.0,5.0
Fall,boisson,250822,pink mojito,4,4.0,5.0
Fall,boisson,249323,butterballs  cocktail drink,4,4.0,5.0
Fall,boisson,398617,vampire kiss martini,4,4.0,5.0
Fall,boisson,237623,zack s sweet sweet chocolate smoothie,4,4.0,5.0
Fall,boisson,232298,the blizzard  connecticut,4,4.0,5.0
Fall,boisson,101117,giligans island cocktail,4,4.0,5.0
Fall,boisson,105942,festive hot cider,4,3.0,5.0
Fall,boisson,261355,i m hooked cocktail,4,4.0,5.0
Fall,boisson,261446,hot orange juice sipper,4,4.0,5.0
Winter,boisson,20616,irish rosie s irish soda bread,187,180.0,7.0
Winter,boisson,160379,traditional irish soda bread,28,27.0,7.0
Winter,boisson,46798,the best strawberry smoothie ever,20,17.0,7.0
Winter,boisson,103643,real irish soda bread,18,16.0,7.0
Winter,boisson,19817,7 up cranberry punch,16,16.0,7.0
Winter,boisson,146320,oprah s pomegranate martini,14,14.0,7.0
Winter,boisson,356040,spinach banana smoothie,14,13.0,7.0
Winter,boisson,88364,lemon drop martini,13,12.0,7.0
Winter,boisson,35932,most refreshing lemonade you will ever taste    quick   easy,12,12.0,7.0
Winter,boisson,122568,quick n easy strawberry and banana smoothie,12,11.0,7.0
Winter,boisson,29871,banana nutmeg smoothie,11,10.0,7.0
Winter,boisson,147441,amaretto coffee,11,11.0,7.0
Winter,boisson,59148,ya ya punch,11,11.0,7.0
Winter,boisson,219828,godiva chocolate martini,11,10.0,7.0
Winter,boisson,145402,orange julius smoothie,11,11.0,7.0
Winter,boisson,213777,authentic irish soda bread  bread machine,11,9.0,7.0
Winter,boisson,146538,magic bullet smoothie,10,10.0,7.0
Winter,boisson,86863,so simple punch,10,9.0,7.0
Winter,boisson,72091,ceta s irish soda bread,10,10.0,7.0
Winter,boisson,284630,banana blueberry smoothie,10,10.0,7.0
Winter,boisson,350534,strawberry banana sunrise smoothie,10,10.0,7.0
Winter,boisson,330808,bacon and cheese cocktail swirls,10,8.0,7.0
Winter,boisson,209058,apricot citrus drink,9,9.0,7.0
Winter,boisson,162425,blueberry blast breakfast smoothie,9,9.0,7.0
Winter,boisson,68032,strawberry orange banana smoothie,9,8.0,7.0
Winter,boisson,270622,tsr version of starbucks gingerbread latte by todd wilbur,9,9.0,7.0
Winter,boisson,83425,chocolate peanut butter smoothie,9,9.0,7.0
Winter,boisson,45268,shake a pie crust,9,9.0,7.0
Winter,boisson,259160,carey neff s espresso cake,9,8.0,7.0
Winter,boisson,66947,refreshing mojito  by the pitcher mojitos,9,9.0,7.0
Winter,boisson,304029,traditional bahraini cardamom coffee,9,9.0,7.0
Winter,boisson,258352,ww 1 point ww cake   diet soda,9,9.0,7.0
Winter,boisson,192148,icy pumpkin smoothie,9,9.0,7.0
Winter,boisson,286680,cappuccino recipe without an expensive machine,8,7.0,7.0
Winter,boisson,100770,rice krispies chocolate dream bars,8,7.0,7.0
Winter,boisson,224795,tropical paradise smoothie,8,8.0,7.0
Winter,boisson,271205,peppermint patty coffee  non alcoholic,8,8.0,7.0
Winter,boisson,96989,san francisco marriott s pink punch,8,8.0,7.0
Winter,boisson,146656,cranberry orange tea,8,8.0,7.0
Winter,boisson,161404,caribbean smoothie,8,8.0,7.0
Winter,boisson,25401,peanut butter banana breakfast smoothie,8,7.0,7.0
Winter,boisson,15340,traditional eggnog,8,7.0,7.0
Winter,boisson,43149,irish soda bread with raisins and caraway,8,7.0,7.0
Winter,boisson,56179,french martini,8,8.0,7.0
Winter,boisson,203060,tutti fruity smoothie,7,7.0,7.0
Winter,boisson,413671,cheesecake smoothie,7,7.0,7.0
Winter,boisson,338319,cranberry orange smoothie  raw food,7,7.0,7.0
Winter,boisson,282960,strawberry orange julius smoothie,7,7.0,7.0
Winter,boisson,79378,slushy lemonade,7,6.0,7.0
Winter,boisson,261888,nilla wafer martini,7,7.0,7.0
Winter,boisson,33051,straightforward lemon iced tea,7,7.0,7.0
Winter,boisson,208419,barefoot contessa s orange banana smoothie,7,7.0,7.0
Winter,boisson,18273,super easy cocktail sauce,7,7.0,7.0
Winter,boisson,2941,raspberry sherbet punch,7,7.0,7.0
Winter,boisson,37493,the elvis smoothie,7,7.0,7.0
Winter,boisson,601,elly may s wedding punch,6,6.0,7.0
Winter,boisson,155159,lemonade with a twist,6,6.0,7.0
Winter,boisson,18296,pumpkin shake,6,6.0,7.0
Winter,boisson,160060,lucky leprechaun lime drink,6,6.0,7.0
Winter,boisson,214514,bailey s martini,6,6.0,7.0
Winter,boisson,198884,buck s fizz   champagne and orange cocktail,6,6.0,7.0
Winter,boisson,249052,vanilla coke  alcoholic,6,6.0,7.0
Winter,boisson,167962,blueberry pineapple smoothie,6,6.0,7.0
Winter,boisson,179821,brown irish soda bread,6,6.0,7.0
Winter,boisson,65347,mocha latte smoothie,6,5.0,7.0
Winter,boisson,356089,love martini  melting pot,6,4.0,7.0
Winter,boisson,95987,trudy s mexican martini,6,4.0,7.0
Winter,boisson,283273,blueberry and green tea smoothie,6,6.0,7.0
Winter,boisson,79189,poinsettia  cocktail,6,6.0,7.0
Winter,boisson,147812,mango ginger smoothie,6,5.0,7.0
Winter,boisson,146659,autumn cider,6,6.0,7.0
Winter,boisson,271019,banana nut martini,6,5.0,7.0
Winter,boisson,6916,low calorie lemonade,6,6.0,7.0
Winter,boisson,277520,thyme for french healing tea,6,6.0,7.0
Winter,boisson,54256,cucumber cocktail sandwiches,5,5.0,7.0
Winter,boisson,12652,easy punch,5,5.0,7.0
Winter,boisson,14405,emeril lagasse s red rooster punch,5,5.0,7.0
Winter,boisson,205932,orange banana sunrise smoothie,5,5.0,7.0
Winter,boisson,204913,midori green apple martini,5,5.0,7.0
Winter,boisson,14526,the party punch,5,4.0,7.0
Winter,boisson,210661,blood orange lemonade,5,5.0,7.0
Winter,boisson,209059,orange lemon grapefruit honey punch,5,5.0,7.0
Winter,boisson,207929,best fruit smoothie ever,5,5.0,7.0
Winter,boisson,205977,strawberry banana pineapple smoothie,5,5.0,7.0
Winter,boisson,205933,applenannaberry smoothie,5,5.0,7.0
Winter,boisson,167817,homemade cranberry juice,5,5.0,7.0
Winter,boisson,83424,peanut butter banana smoothie,5,5.0,7.0
Winter,boisson,278472,green tea berry smoothie,5,5.0,7.0
Winter,boisson,91577,tony roma s chocolate martini,5,5.0,7.0
Winter,boisson,327985,orananna goodness smoothie  raw food,5,5.0,7.0
Winter,boisson,48713,gluehwein  german hot wine punch,5,5.0,7.0
Winter,boisson,44087,cosmopolitan champagne cocktail,5,5.0,7.0
Winter,boisson,481964,bedouin tea,5,4.0,7.0
Winter,boisson,266945,warm christmas punch,5,5.0,7.0
Winter,boisson,113596,traditional irish brown soda bread,5,5.0,7.0
Winter,boisson,101141,sierra frozen fruit smoothie,5,5.0,7.0
Winter,boisson,108931,creamy blueberry smoothie,5,5.0,7.0
Winter,boisson,100872,cocoa banana smoothie  fat free,5,5.0,7.0
Winter,boisson,348155,alli s rum punch,5,5.0,7.0
Winter,boisson,279078,liquid lamington cocktail,5,5.0,7.0
